Costs,Total,Zone1
cTotal,1.5452425759167183e10,1.4012498871454506e10
cFix,8.694951572807484e9,8.694951572807486e9
cVar,6.485814533523154e9,6.485814533522429e9
cNSE,1.0841196147599842e8,1.0841196147599839e8
cStart,0.0,0
cUnmetRsv,0.0,-
cNetworkExp,0.0,-
