Status,Solve,Objval
OPTIMAL,3015.186000108719,1.5452425759167183e10
