Costs,Total,Zone1
cTotal,4.02696064545614e9,4.019203253220892e9
cFix,3.9782036301093163e9,3.978203630109306e9
cVar,4.820886244800294e7,4.820886244800002e7
cNSE,548152.8992885386,548152.8992885386
cStart,0.0,0.0
cUnmetRsv,0.0,-
cNetworkExp,0.0,-
