Status,Solve,Objval
OPTIMAL,1239.3710000514984,4026.96064545614
