Costs,Total,Zone1
cTotal,1.9189101267325554e10,1.8078658334893517e10
cFix,1.287273218455967e10,1.287273218455967e10
cVar,5.205926150334515e9,5.205926150333844e9
cNSE,1.0324496974034206e9,1.0324496974034197e9
cStart,0.0,0
cUnmetRsv,0.0,-
cNetworkExp,0.0,-
