Status,Solve,Objval
OPTIMAL,1649.3639998435974,1.9189101267325554e10
