Costs,Total,Zone1
cTotal,1.5452425759167238e10,1.4012498871454504e10
cFix,8.694951572807486e9,8.694951572807484e9
cVar,6.485814533523176e9,6.485814533522429e9
cNSE,1.084119614759975e8,1.084119614759975e8
cStart,0.0,0
cUnmetRsv,0.0,-
cNetworkExp,0.0,-
