Status,Solve,Objval
OPTIMAL,2803.2619998455048,1.5452425759167238e10
