Costs,Total,Zone1
cTotal,3.9782091334040995e9,3.970999894067691e9
cFix,3.9782036301093154e9,3.978203630109305e9
cVar,5503.294799999996,5503.294800000001
cNSE,0.0,0.0
cStart,0.0,0.0
cUnmetRsv,0.0,-
cNetworkExp,0.0,-
