Status,Solve,Objval
OPTIMAL,237.9579999446869,3978.2091334040997
