Status,Solve,Objval
OPTIMAL,95.5789999961853,1.0075670284230709e9
