Costs,Total,Zone1,Zone2,Zone3
cTotal,8.62811778272809e9,8.330540718055508e8,4.180490154158816e8,1.8200270603958926e8
cFix,1.621795019272925e9,9.541952708341631e8,4.855970423991725e8,1.8200270603958926e8
cVar,654577.8681290429,422423.99838908704,232153.86973995605,0.0
cNSE,1.1564321778031176e8,8.167631235932644e7,2.4036965895243023e7,9.929939525742214e6
cStart,0.0,0.0,0.0,0.0
cUnmetRsv,0.0,-,-,-
cNetworkExp,0.0,-,-,-
