Status,Solve,Objval
OPTIMAL,577.2259998321533,3676.351038285116
